study_id,study_label,condition,reference,outcome_key,outcome_text,scale_min,scale_max,scale_labels,n_treat,n_ref,mean_treat,mean_ref,sd_treat,sd_ref,ate,se,hypothesized_direction,reference_type,scale_flip,outcome_text_is_scale_only
Campbell1308,The Effects of Exposure to Women Candidates on Political Attitudes,Democratic story,Control,Gender Roles,"Please use the slider to finish the statement below using a 0-10 scale where 0 is worse, 5 is the same, and 10 is better.

If we had more women in elected office, America would be…",0,10,0=worse; 10=better,270,258,6.60741,6.56589,2.14561,2.22419,0.0415159,0.190329,1,named_control,FALSE,FALSE
Campbell1308,The Effects of Exposure to Women Candidates on Political Attitudes,Non-Partisan story,Control,Gender Roles,"Please use the slider to finish the statement below using a 0-10 scale where 0 is worse, 5 is the same, and 10 is better.

If we had more women in elected office, America would be…",0,10,0=worse; 10=better,230,258,6.52174,6.56589,2.14272,2.22419,-0.0441523,0.197829,1,named_control,FALSE,FALSE
Campbell1308,The Effects of Exposure to Women Candidates on Political Attitudes,Republican story,Control,Gender Roles,"Please use the slider to finish the statement below using a 0-10 scale where 0 is worse, 5 is the same, and 10 is better.

If we had more women in elected office, America would be…",0,10,0=worse; 10=better,233,258,6.79399,6.56589,1.92993,2.22419,0.2281,0.18751,1,named_control,FALSE,FALSE
Campbell1308,The Effects of Exposure to Women Candidates on Political Attitudes,Democratic story,Control,Political Engagement,"Even if you’ve never thought about it, could you see yourself doing any of the following things in the future?
Volunteer in my community",0,10,0=Not likely at all; 10=Very likely,261,257,6.58238,6.84825,2.8659,2.89873,-0.265874,0.253306,1,named_control,FALSE,FALSE
Campbell1308,The Effects of Exposure to Women Candidates on Political Attitudes,Non-Partisan story,Control,Political Engagement,"Even if you’ve never thought about it, could you see yourself doing any of the following things in the future?
Volunteer in my community",0,10,0=Not likely at all; 10=Very likely,227,257,6.6696,6.84825,2.7234,2.89873,-0.178646,0.255673,1,named_control,FALSE,FALSE
Campbell1308,The Effects of Exposure to Women Candidates on Political Attitudes,Republican story,Control,Political Engagement,"Even if you’ve never thought about it, could you see yourself doing any of the following things in the future?
Volunteer in my community",0,10,0=Not likely at all; 10=Very likely,228,257,6.86842,6.84825,2.89619,2.89873,0.020172,0.263599,1,named_control,FALSE,FALSE
Campbell1308,The Effects of Exposure to Women Candidates on Political Attitudes,Democratic story,Control,Political Responsiveness,"Using the slider, please rate how much you agree or disagree with the following statement 
A.        The political system helps people with their genuine needs",0,10,0=disagree; 10=agree,264,257,4.34091,4.57977,2.38445,2.34572,-0.238857,0.207236,1,named_control,FALSE,FALSE
Campbell1308,The Effects of Exposure to Women Candidates on Political Attitudes,Non-Partisan story,Control,Political Responsiveness,"Using the slider, please rate how much you agree or disagree with the following statement 
A.        The political system helps people with their genuine needs",0,10,0=disagree; 10=agree,226,257,4.37168,4.57977,2.47007,2.34572,-0.208085,0.220015,1,named_control,FALSE,FALSE
Campbell1308,The Effects of Exposure to Women Candidates on Political Attitudes,Republican story,Control,Political Responsiveness,"Using the slider, please rate how much you agree or disagree with the following statement 
A.        The political system helps people with their genuine needs",0,10,0=disagree; 10=agree,227,257,4.40529,4.57977,2.50373,2.34572,-0.17448,0.221417,1,named_control,FALSE,FALSE
Connors1226,Everyone’s Doing It: Affective Polarization is Inflated by Social Pressure,Friends Reminder,Control,rate_democrats,"How would you rate Democrats?
 
 Ratings between 50 degrees and 100 degrees mean that you feel favorable and warm toward the party. Ratings between 0 degrees and 50 degrees mean that you don’t feel favorable toward the party and that you don’t care too much for that party. You would rate the party at the 50-degree mark if you don’t feel particularly warm or cold toward the party.",0,100,0=you don’t feel favorable toward the party and you don’t care too much for that party; 100=you feel favorable and warm toward the party,851,777,43.1786,46.9279,30.9919,31.6754,-3.74931,1.55562,,named_control,FALSE,FALSE
Connors1226,Everyone’s Doing It: Affective Polarization is Inflated by Social Pressure,Private Reminder,Control,rate_democrats,"How would you rate Democrats?
 
 Ratings between 50 degrees and 100 degrees mean that you feel favorable and warm toward the party. Ratings between 0 degrees and 50 degrees mean that you don’t feel favorable toward the party and that you don’t care too much for that party. You would rate the party at the 50-degree mark if you don’t feel particularly warm or cold toward the party.",0,100,0=you don’t feel favorable toward the party and you don’t care too much for that party; 100=you feel favorable and warm toward the party,796,777,45.1545,46.9279,31.9115,31.6754,-1.77341,1.60331,,named_control,FALSE,FALSE
Connors1226,Everyone’s Doing It: Affective Polarization is Inflated by Social Pressure,Published Reminder,Control,rate_democrats,"How would you rate Democrats?
 
 Ratings between 50 degrees and 100 degrees mean that you feel favorable and warm toward the party. Ratings between 0 degrees and 50 degrees mean that you don’t feel favorable toward the party and that you don’t care too much for that party. You would rate the party at the 50-degree mark if you don’t feel particularly warm or cold toward the party.",0,100,0=you don’t feel favorable toward the party and you don’t care too much for that party; 100=you feel favorable and warm toward the party,794,777,45.136,46.9279,32.0962,31.6754,-1.79191,1.60895,,named_control,FALSE,FALSE
Connors1226,Everyone’s Doing It: Affective Polarization is Inflated by Social Pressure,Friends Reminder,Control,rate_republicans,"How would you rate Republicans?
 
 Ratings between 50 degrees and 100 degrees mean that you feel favorable and warm toward the party. Ratings between 0 degrees and 50 degrees mean that you don’t feel favorable toward the party and that you don’t care too much for that party. You would rate the party at the 50-degree mark if you don’t feel particularly warm or cold toward the party.",0,100,0=you don’t feel favorable toward the party and you don’t care too much for that party; 100=you feel favorable and warm toward the party,847,773,50.987,46.11,31.5391,31.8216,4.87705,1.57619,,named_control,FALSE,FALSE
Connors1226,Everyone’s Doing It: Affective Polarization is Inflated by Social Pressure,Private Reminder,Control,rate_republicans,"How would you rate Republicans?
 
 Ratings between 50 degrees and 100 degrees mean that you feel favorable and warm toward the party. Ratings between 0 degrees and 50 degrees mean that you don’t feel favorable toward the party and that you don’t care too much for that party. You would rate the party at the 50-degree mark if you don’t feel particularly warm or cold toward the party.",0,100,0=you don’t feel favorable toward the party and you don’t care too much for that party; 100=you feel favorable and warm toward the party,792,773,48.6073,46.11,31.8762,31.8216,2.49736,1.61026,,named_control,FALSE,FALSE
Connors1226,Everyone’s Doing It: Affective Polarization is Inflated by Social Pressure,Published Reminder,Control,rate_republicans,"How would you rate Republicans?
 
 Ratings between 50 degrees and 100 degrees mean that you feel favorable and warm toward the party. Ratings between 0 degrees and 50 degrees mean that you don’t feel favorable toward the party and that you don’t care too much for that party. You would rate the party at the 50-degree mark if you don’t feel particularly warm or cold toward the party.",0,100,0=you don’t feel favorable toward the party and you don’t care too much for that party; 100=you feel favorable and warm toward the party,796,773,49.7399,46.11,32.2425,31.8216,3.62999,1.6174,,named_control,FALSE,FALSE
Connors1226,Everyone’s Doing It: Affective Polarization is Inflated by Social Pressure,Friends Reminder,Control,trust_democrats,How much of the time do you think you can trust Democrats to do what is right for the country?,1,5,1=Almost never; 5=Almost always,869,805,2.49137,2.63602,1.16555,1.22289,-0.144655,0.0584895,,named_control,FALSE,FALSE
Connors1226,Everyone’s Doing It: Affective Polarization is Inflated by Social Pressure,Private Reminder,Control,trust_democrats,How much of the time do you think you can trust Democrats to do what is right for the country?,1,5,1=Almost never; 5=Almost always,823,805,2.54921,2.63602,1.21815,1.22289,-0.0868146,0.0605041,,named_control,FALSE,FALSE
Connors1226,Everyone’s Doing It: Affective Polarization is Inflated by Social Pressure,Published Reminder,Control,trust_democrats,How much of the time do you think you can trust Democrats to do what is right for the country?,1,5,1=Almost never; 5=Almost always,824,805,2.51578,2.63602,1.22141,1.22289,-0.120248,0.0605659,,named_control,FALSE,FALSE
Connors1226,Everyone’s Doing It: Affective Polarization is Inflated by Social Pressure,Friends Reminder,Control,trust_republicans,How much of the time do you think you can trust Republicans to do what is right for the country?,1,5,1=Almost never; 5=Almost always,869,804,2.74108,2.57338,1.18007,1.15038,0.167699,0.0569954,,named_control,FALSE,FALSE
Connors1226,Everyone’s Doing It: Affective Polarization is Inflated by Social Pressure,Private Reminder,Control,trust_republicans,How much of the time do you think you can trust Republicans to do what is right for the country?,1,5,1=Almost never; 5=Almost always,825,804,2.62667,2.57338,1.17983,1.15038,0.0532836,0.0577345,,named_control,FALSE,FALSE
Connors1226,Everyone’s Doing It: Affective Polarization is Inflated by Social Pressure,Published Reminder,Control,trust_republicans,How much of the time do you think you can trust Republicans to do what is right for the country?,1,5,1=Almost never; 5=Almost always,822,804,2.67275,2.57338,1.2165,1.15038,0.0993663,0.0587053,,named_control,FALSE,FALSE
FarrowS6,Does Misery Love Company?: Exploration of a Strategic Intervention to Improve Well-being,Condition 2 disappointment,Condition 1 disappointment,Disappointment,"On a scale of 1-7, where 1 is not at all disappointed and 7 is extremely disappointed, please rate how you feel about this change below",1,7,1=Not at all disappointed; 7=Extremely disappointed,491,483,5.62525,5.67495,1.54064,1.55932,-0.0496937,0.099339,1,hypothesis_t0,FALSE,FALSE
Haaland874,Beliefs about Racial Discrimination,TREATMENT,CONTROL,Affirmative action: Assistance,Do you support or oppose government and private programs that give qualified black candidates assistance in getting a job?,1,5,1=Strongly oppose; 5=Strongly support,779,754,3.47112,3.45093,1.04531,1.04779,0.0201884,0.0534668,1,named_control,TRUE,FALSE
Haaland874,Beliefs about Racial Discrimination,TREATMENT,CONTROL,Affirmative action: Preference,Do you support or oppose government and private programs that give qualified black candidates preference over equally qualified white candidates in getting a job?,1,5,1=Strongly oppose; 5=Strongly support,782,753,2.67391,2.70784,1.0517,1.12498,-0.0339223,0.0556341,1,named_control,TRUE,FALSE
Haaland874,Beliefs about Racial Discrimination,TREATMENT,CONTROL,Racial Discrimination perception,"In the United States today, do you think that racial discrimination against blacks in the labor market is a serious problem?",1,5,1=Not a problem at all; 5=A very serious problem,781,757,3.37388,3.20476,1.1815,1.20803,0.169124,0.0609521,1,named_control,TRUE,FALSE
HankinsonS22,Burden Sharing and Collective Action: A Study of Opinion on Opioid Treatment Funding,Far Treatment,Near Treatment,Clinic_support,Please choose a number from 1 (Strongly oppose) to 5 (Strongly support),1,5,1=Strongly oppose; 5=Strongly support,1020,980,3.34314,2.91837,1.32608,1.39438,0.42477,0.0608933,1,hypothesis_t0,TRUE,TRUE
KlarS44,Gender Versus Party? Do Abortion Frames Affect Issue Engagement?,GENDER,CONTROL,efficacy,"Thinking about the issue of abortion, do you agree or disagree with the following statement: 
 
 As a citizen I have the power to influence what politicians do about abortion laws in America.",1,7,1=Strongly disagree; 7=Strongly agree,730,677,4.60411,4.58641,1.77027,1.8976,0.017699,0.09804,,named_control,TRUE,FALSE
KlarS44,Gender Versus Party? Do Abortion Frames Affect Issue Engagement?,PARTISAN,CONTROL,efficacy,"Thinking about the issue of abortion, do you agree or disagree with the following statement: 
 
 As a citizen I have the power to influence what politicians do about abortion laws in America.",1,7,1=Strongly disagree; 7=Strongly agree,702,677,4.46154,4.58641,1.86356,1.8976,-0.124872,0.101321,-1,named_control,TRUE,FALSE
KlarS44,Gender Versus Party? Do Abortion Frames Affect Issue Engagement?,GENDER,CONTROL,importance,"As you think about the upcoming Presidential election in 2020, how unimportant or important is the issue of abortion to you?",1,5,1=Very unimportant; 5=Very important,731,678,3.60055,3.64307,1.34437,1.30085,-0.0425207,0.0704862,,named_control,FALSE,FALSE
KlarS44,Gender Versus Party? Do Abortion Frames Affect Issue Engagement?,PARTISAN,CONTROL,importance,"As you think about the upcoming Presidential election in 2020, how unimportant or important is the issue of abortion to you?",1,5,1=Very unimportant; 5=Very important,704,678,3.66619,3.64307,1.32196,1.30085,0.0231253,0.0705567,-1,named_control,FALSE,FALSE
KlarS44,Gender Versus Party? Do Abortion Frames Affect Issue Engagement?,GENDER,CONTROL,support_candidate,"In the coming year, how likely or unlikely are you to support a political campaign for a candidate, for example by volunteering, attending an event, putting up a yard-sign, or encouraging others to vote?",1,5,1=Very unlikely that I will campaign for a candidate; 5=Very likely that I will campaign for a candidate,732,676,2.68306,2.79734,1.36823,1.39907,-0.114277,0.0738444,,named_control,TRUE,FALSE
KlarS44,Gender Versus Party? Do Abortion Frames Affect Issue Engagement?,PARTISAN,CONTROL,support_candidate,"In the coming year, how likely or unlikely are you to support a political campaign for a candidate, for example by volunteering, attending an event, putting up a yard-sign, or encouraging others to vote?",1,5,1=Very unlikely that I will campaign for a candidate; 5=Very likely that I will campaign for a candidate,705,676,2.66241,2.79734,1.39176,1.39907,-0.134926,0.0751204,-1,named_control,TRUE,FALSE
McCabeS19,Public Opinion and Attributions for Health Care Costs,INSURANCE,CONTROL,Attribution,"Suppose <u>you</u> received an unexpected medical bill, and the amount you had to pay out-of-pocket was expensive and difficult to pay in full. 

If you received this type of medical bill, who would deserve the blame for your experience?

<i>Rank the following, where 1= deserves the <u>most blame</u>, 2= the second most blame, 3= the third most blame, 4= the fourth most blame, 5= the<u>least</u> blame.</i> 
A.        Republicans in government, for failing to address rising health care costs. 
B.        Democrats in government, for failing to address rising health care costs.
C.        A health care provider, for failing to be transparent about costs or provide affordable services.
D.        A health insurance company, for failing to provide adequate coverage for medical care. 
E.        You, as the consumer, for failing to save enough money or purchase adequate health insurance.

What rank would you assign for the first item in the list (Republicans in government, for failing to address rising health care costs)?",1,5,1=Least blame; 5=Most blame,428,399,2.93925,3.01504,1.40792,1.39625,-0.0757853,0.0975574,,named_control,TRUE,FALSE
McCabeS19,Public Opinion and Attributions for Health Care Costs,PROVIDER,CONTROL,Attribution,"Suppose <u>you</u> received an unexpected medical bill, and the amount you had to pay out-of-pocket was expensive and difficult to pay in full. 

If you received this type of medical bill, who would deserve the blame for your experience?

<i>Rank the following, where 1= deserves the <u>most blame</u>, 2= the second most blame, 3= the third most blame, 4= the fourth most blame, 5= the<u>least</u> blame.</i> 
A.        Republicans in government, for failing to address rising health care costs. 
B.        Democrats in government, for failing to address rising health care costs.
C.        A health care provider, for failing to be transparent about costs or provide affordable services.
D.        A health insurance company, for failing to provide adequate coverage for medical care. 
E.        You, as the consumer, for failing to save enough money or purchase adequate health insurance.

What rank would you assign for the first item in the list (Republicans in government, for failing to address rising health care costs)?",1,5,1=Least blame; 5=Most blame,405,399,2.96296,3.01504,1.39522,1.39625,-0.0520746,0.0984508,,named_control,TRUE,FALSE
McCabeS19,Public Opinion and Attributions for Health Care Costs,PROVIDER+GOVERNMENT CUE,CONTROL,Attribution,"Suppose <u>you</u> received an unexpected medical bill, and the amount you had to pay out-of-pocket was expensive and difficult to pay in full. 

If you received this type of medical bill, who would deserve the blame for your experience?

<i>Rank the following, where 1= deserves the <u>most blame</u>, 2= the second most blame, 3= the third most blame, 4= the fourth most blame, 5= the<u>least</u> blame.</i> 
A.        Republicans in government, for failing to address rising health care costs. 
B.        Democrats in government, for failing to address rising health care costs.
C.        A health care provider, for failing to be transparent about costs or provide affordable services.
D.        A health insurance company, for failing to provide adequate coverage for medical care. 
E.        You, as the consumer, for failing to save enough money or purchase adequate health insurance.

What rank would you assign for the first item in the list (Republicans in government, for failing to address rising health care costs)?",1,5,1=Least blame; 5=Most blame,385,399,3.08052,3.01504,1.36788,1.39625,0.0654819,0.098722,,named_control,TRUE,FALSE
McCabeS19,Public Opinion and Attributions for Health Care Costs,INSURANCE,CONTROL,Contact,"Suppose <u>you</u> received an unexpected medical bill, and the amount you had to pay out-of-pocket was expensive and difficult to pay in full. 

Which of the following people would you contact about the bill? 

<i>Rate each group of people on a scale from “Definitely would not contact” to “Definitely would contact.” </i>

A congressman or senator's office",1,5,1=Definitely would not contact; 5=Definitely would contact,429,398,2.25874,2.30151,1.13595,1.15741,-0.0427663,0.0798353,,named_control,FALSE,FALSE
McCabeS19,Public Opinion and Attributions for Health Care Costs,PROVIDER,CONTROL,Contact,"Suppose <u>you</u> received an unexpected medical bill, and the amount you had to pay out-of-pocket was expensive and difficult to pay in full. 

Which of the following people would you contact about the bill? 

<i>Rate each group of people on a scale from “Definitely would not contact” to “Definitely would contact.” </i>

A congressman or senator's office",1,5,1=Definitely would not contact; 5=Definitely would contact,399,398,2.16291,2.30151,1.07555,1.15741,-0.1386,0.0791523,,named_control,FALSE,FALSE
McCabeS19,Public Opinion and Attributions for Health Care Costs,PROVIDER+GOVERNMENT CUE,CONTROL,Contact,"Suppose <u>you</u> received an unexpected medical bill, and the amount you had to pay out-of-pocket was expensive and difficult to pay in full. 

Which of the following people would you contact about the bill? 

<i>Rate each group of people on a scale from “Definitely would not contact” to “Definitely would contact.” </i>

A congressman or senator's office",1,5,1=Definitely would not contact; 5=Definitely would contact,380,398,2.30263,2.30151,1.16024,1.15741,0.00112404,0.0831166,,named_control,FALSE,FALSE
McGinty730,Portrayals of Serious Mental Illness: Precursor to Violence or Treatable Health Condition?,Successful Treatment Engagement & Recovery,No narrative,social_stigma,How willing would you be to have a person with serious mental illness marry into your family?,1,5,1=Definitely unwilling; 5=Definitely willing,350,340,2.65429,2.62353,1.06678,1.12075,0.0307563,0.0833417,1,named_control,TRUE,FALSE
McGinty730,Portrayals of Serious Mental Illness: Precursor to Violence or Treatable Health Condition?,Unsuccessful Treatment Engagement (Individual Choice),No narrative,social_stigma,How willing would you be to have a person with serious mental illness marry into your family?,1,5,1=Definitely unwilling; 5=Definitely willing,352,340,2.44886,2.62353,1.10048,1.12075,-0.174666,0.084468,1,named_control,TRUE,FALSE
McGinty730,Portrayals of Serious Mental Illness: Precursor to Violence or Treatable Health Condition?,Unsuccessful Treatment Engagement (Individual Choice) + Family Violence,No narrative,social_stigma,How willing would you be to have a person with serious mental illness marry into your family?,1,5,1=Definitely unwilling; 5=Definitely willing,377,340,2.22812,2.62353,1.08958,1.12075,-0.395413,0.0827248,1,named_control,TRUE,FALSE
McGinty730,Portrayals of Serious Mental Illness: Precursor to Violence or Treatable Health Condition?,Unsuccessful Treatment Engagement (Individual Choice) + Stranger Violence,No narrative,social_stigma,How willing would you be to have a person with serious mental illness marry into your family?,1,5,1=Definitely unwilling; 5=Definitely willing,358,340,2.31006,2.62353,1.18178,1.12075,-0.313474,0.0871519,1,named_control,TRUE,FALSE
McGinty730,Portrayals of Serious Mental Illness: Precursor to Violence or Treatable Health Condition?,Unsuccessful Treatment Engagement (Policy Failure),No narrative,social_stigma,How willing would you be to have a person with serious mental illness marry into your family?,1,5,1=Definitely unwilling; 5=Definitely willing,354,340,2.48023,2.62353,1.05428,1.12075,-0.143303,0.0826693,1,named_control,TRUE,FALSE
McGinty730,Portrayals of Serious Mental Illness: Precursor to Violence or Treatable Health Condition?,Unsuccessful Treatment Engagement (Policy Failure) + Stranger Violence,No narrative,social_stigma,How willing would you be to have a person with serious mental illness marry into your family?,1,5,1=Definitely unwilling; 5=Definitely willing,340,340,2.40588,2.62353,1.10775,1.12075,-0.217647,0.0854604,1,named_control,TRUE,FALSE
McGinty730,Portrayals of Serious Mental Illness: Precursor to Violence or Treatable Health Condition?,Unsuccessful treatment Engagement (Policy Failure) + Family Violence,No narrative,social_stigma,How willing would you be to have a person with serious mental illness marry into your family?,1,5,1=Definitely unwilling; 5=Definitely willing,349,340,2.29799,2.62353,1.0627,1.12075,-0.325535,0.0832483,1,named_control,TRUE,FALSE
McGinty730,Portrayals of Serious Mental Illness: Precursor to Violence or Treatable Health Condition?,Successful Treatment Engagement & Recovery,No narrative,treatment_support,"Please tell us how much you favor or oppose each item below.

Expanding outpatient public mental health treatment options in the community",1,5,1=strongly oppose; 5=strongly favor,350,341,4.11714,3.97947,0.876626,0.912102,0.137671,0.0680832,1,named_control,TRUE,FALSE
McGinty730,Portrayals of Serious Mental Illness: Precursor to Violence or Treatable Health Condition?,Unsuccessful Treatment Engagement (Individual Choice),No narrative,treatment_support,"Please tell us how much you favor or oppose each item below.

Expanding outpatient public mental health treatment options in the community",1,5,1=strongly oppose; 5=strongly favor,353,341,4.1728,3.97947,0.833358,0.912102,0.193332,0.0663857,1,named_control,TRUE,FALSE
McGinty730,Portrayals of Serious Mental Illness: Precursor to Violence or Treatable Health Condition?,Unsuccessful Treatment Engagement (Individual Choice) + Family Violence,No narrative,treatment_support,"Please tell us how much you favor or oppose each item below.

Expanding outpatient public mental health treatment options in the community",1,5,1=strongly oppose; 5=strongly favor,378,341,4.13492,3.97947,0.892229,0.912102,0.155448,0.0674217,1,named_control,TRUE,FALSE
McGinty730,Portrayals of Serious Mental Illness: Precursor to Violence or Treatable Health Condition?,Unsuccessful Treatment Engagement (Individual Choice) + Stranger Violence,No narrative,treatment_support,"Please tell us how much you favor or oppose each item below.

Expanding outpatient public mental health treatment options in the community",1,5,1=strongly oppose; 5=strongly favor,359,341,4.18942,3.97947,0.907941,0.912102,0.209943,0.0688181,1,named_control,TRUE,FALSE
McGinty730,Portrayals of Serious Mental Illness: Precursor to Violence or Treatable Health Condition?,Unsuccessful Treatment Engagement (Policy Failure),No narrative,treatment_support,"Please tell us how much you favor or oppose each item below.

Expanding outpatient public mental health treatment options in the community",1,5,1=strongly oppose; 5=strongly favor,357,341,4.17647,3.97947,0.90548,0.912102,0.196998,0.0688208,1,named_control,TRUE,FALSE
McGinty730,Portrayals of Serious Mental Illness: Precursor to Violence or Treatable Health Condition?,Unsuccessful Treatment Engagement (Policy Failure) + Stranger Violence,No narrative,treatment_support,"Please tell us how much you favor or oppose each item below.

Expanding outpatient public mental health treatment options in the community",1,5,1=strongly oppose; 5=strongly favor,343,341,4.15452,3.97947,0.915766,0.912102,0.175047,0.0698903,1,named_control,TRUE,FALSE
McGinty730,Portrayals of Serious Mental Illness: Precursor to Violence or Treatable Health Condition?,Unsuccessful treatment Engagement (Policy Failure) + Family Violence,No narrative,treatment_support,"Please tell us how much you favor or oppose each item below.

Expanding outpatient public mental health treatment options in the community",1,5,1=strongly oppose; 5=strongly favor,350,341,4.28286,3.97947,0.82753,0.912102,0.303385,0.0663043,1,named_control,TRUE,FALSE
McGinty730,Portrayals of Serious Mental Illness: Precursor to Violence or Treatable Health Condition?,Successful Treatment Engagement & Recovery,No narrative,willingness_to_pay_mentalhealthservices,Would you be willing to pay any additional taxes to improve the mental health service system in the United States?,1,2,1=no; 2=yes,353,340,1.51275,1.47647,0.500547,0.500182,0.0362773,0.038021,1,named_control,TRUE,FALSE
McGinty730,Portrayals of Serious Mental Illness: Precursor to Violence or Treatable Health Condition?,Unsuccessful Treatment Engagement (Individual Choice),No narrative,willingness_to_pay_mentalhealthservices,Would you be willing to pay any additional taxes to improve the mental health service system in the United States?,1,2,1=no; 2=yes,352,340,1.56534,1.47647,0.496418,0.500182,0.0888703,0.0378935,1,named_control,TRUE,FALSE
McGinty730,Portrayals of Serious Mental Illness: Precursor to Violence or Treatable Health Condition?,Unsuccessful Treatment Engagement (Individual Choice) + Family Violence,No narrative,willingness_to_pay_mentalhealthservices,Would you be willing to pay any additional taxes to improve the mental health service system in the United States?,1,2,1=no; 2=yes,378,340,1.59259,1.47647,0.492003,0.500182,0.116122,0.0370974,1,named_control,TRUE,FALSE
McGinty730,Portrayals of Serious Mental Illness: Precursor to Violence or Treatable Health Condition?,Unsuccessful Treatment Engagement (Individual Choice) + Stranger Violence,No narrative,willingness_to_pay_mentalhealthservices,Would you be willing to pay any additional taxes to improve the mental health service system in the United States?,1,2,1=no; 2=yes,360,340,1.58889,1.47647,0.49272,0.500182,0.112418,0.0375526,1,named_control,TRUE,FALSE
McGinty730,Portrayals of Serious Mental Illness: Precursor to Violence or Treatable Health Condition?,Unsuccessful Treatment Engagement (Policy Failure),No narrative,willingness_to_pay_mentalhealthservices,Would you be willing to pay any additional taxes to improve the mental health service system in the United States?,1,2,1=no; 2=yes,356,340,1.55899,1.47647,0.497207,0.500182,0.0825182,0.0378187,1,named_control,TRUE,FALSE
McGinty730,Portrayals of Serious Mental Illness: Precursor to Violence or Treatable Health Condition?,Unsuccessful Treatment Engagement (Policy Failure) + Stranger Violence,No narrative,willingness_to_pay_mentalhealthservices,Would you be willing to pay any additional taxes to improve the mental health service system in the United States?,1,2,1=no; 2=yes,342,340,1.60819,1.47647,0.48887,0.500182,0.131717,0.0378767,1,named_control,TRUE,FALSE
McGinty730,Portrayals of Serious Mental Illness: Precursor to Violence or Treatable Health Condition?,Unsuccessful treatment Engagement (Policy Failure) + Family Violence,No narrative,willingness_to_pay_mentalhealthservices,Would you be willing to pay any additional taxes to improve the mental health service system in the United States?,1,2,1=no; 2=yes,351,340,1.60399,1.47647,0.489765,0.500182,0.127518,0.0376725,1,named_control,TRUE,FALSE
Melin1066,Testing a Theory of Hybrid Femininity,“Military/Automotive”,“Cosmetics/Automotive”,Capable,"On a scale from 1 “Not at all” to 7 “Extremely”, to what extent do you perceive this applicant as capable?",1,7,1=Not at all; 7=Extremely,273,275,5.88278,5.27273,0.891646,1.17229,0.610057,0.0889353,1,hypothesis_pair,FALSE,FALSE
Melin1066,Testing a Theory of Hybrid Femininity,“Military/Consulting”,“Cosmetics/Consulting”,Capable,"On a scale from 1 “Not at all” to 7 “Extremely”, to what extent do you perceive this applicant as capable?",1,7,1=Not at all; 7=Extremely,270,297,5.73333,5.34343,1.12557,1.09817,0.389899,0.0935565,1,hypothesis_pair,FALSE,FALSE
Melin1066,Testing a Theory of Hybrid Femininity,“Military/Wedding”,“Cosmetics/Wedding”,Capable,"On a scale from 1 “Not at all” to 7 “Extremely”, to what extent do you perceive this applicant as capable?",1,7,1=Not at all; 7=Extremely,300,262,5.54333,5.29771,1.14272,1.10862,0.245623,0.0950982,1,hypothesis_pair,FALSE,FALSE
Melin1066,Testing a Theory of Hybrid Femininity,“Military/Automotive”,“Cosmetics/Automotive”,masculine,"On a scale from 1 “Not at all” to 7 “Extremely”, to what extent do you perceive this applicant as masculine?",1,7,1=Not at all; 7=Extremely,263,261,3.67681,2.83908,1.77292,1.58022,0.837726,0.146693,1,hypothesis_pair,FALSE,FALSE
Melin1066,Testing a Theory of Hybrid Femininity,“Military/Consulting”,“Cosmetics/Consulting”,masculine,"On a scale from 1 “Not at all” to 7 “Extremely”, to what extent do you perceive this applicant as masculine?",1,7,1=Not at all; 7=Extremely,261,284,3.46743,2.6338,1.75299,1.57264,0.83363,0.143116,1,hypothesis_pair,FALSE,FALSE
Melin1066,Testing a Theory of Hybrid Femininity,“Military/Wedding”,“Cosmetics/Wedding”,masculine,"On a scale from 1 “Not at all” to 7 “Extremely”, to what extent do you perceive this applicant as masculine?",1,7,1=Not at all; 7=Extremely,292,244,3.59932,2.66393,1.62044,1.48579,0.935381,0.134313,1,hypothesis_pair,FALSE,FALSE
Mezzapelle1439,Do Victims’ Race and Gender Identity Interact to Predict the Perceived Credibility of Sexual Harassment Claims?,Black Transgender Woman,White Cisgender Woman,BELIEVABLE,"Based on the information I read in the incident report, I believe that Michelle’s claim is believable.",1,7,1=Strongly disagree; 7=Strongly agree,523,518,4.94264,4.8668,1.36337,1.18322,0.0758433,0.0790999,1,hypothesis_pair,FALSE,FALSE
Mezzapelle1439,Do Victims’ Race and Gender Identity Interact to Predict the Perceived Credibility of Sexual Harassment Claims?,Black Transgender Woman,White Cisgender Woman,COMPENSATION,"If Michelle sought financial compensation through litigation for the harassment she reported, I would be likely to find in favor of Michelle.",1,7,1=Strongly disagree; 7=Strongly agree,525,523,4.12381,4.00765,1.55126,1.41825,0.116161,0.0918127,1,hypothesis_pair,FALSE,FALSE
Mezzapelle1439,Do Victims’ Race and Gender Identity Interact to Predict the Perceived Credibility of Sexual Harassment Claims?,Black Transgender Woman,White Cisgender Woman,PERCEIVED HARM,I believe that this experience has caused Michelle harm.,1,7,1=Strongly disagree; 7=Strongly agree,524,519,4.77863,4.51445,1.4531,1.30904,0.264175,0.0856232,1,hypothesis_pair,FALSE,FALSE
ShannonS2,Are Americans Willing to Reject a Fiscal Benefit to Exclude Immigrants from Public Entitlements?,Illegal,Control,tax credit effective,Please choose a number from 1 (Strongly disagree) to 5 (Strongly agree),1,5,1=Strongly disagree; 5=Strongly agree,422,407,3.32701,3.7199,1.25858,1.11204,-0.392888,0.0824135,,named_control,FALSE,TRUE
ShannonS2,Are Americans Willing to Reject a Fiscal Benefit to Exclude Immigrants from Public Entitlements?,Illegal without savings,Control,tax credit effective,Please choose a number from 1 (Strongly disagree) to 5 (Strongly agree),1,5,1=Strongly disagree; 5=Strongly agree,417,407,3.23741,3.7199,1.20046,1.11204,-0.482492,0.0805869,,named_control,FALSE,TRUE
ShannonS2,Are Americans Willing to Reject a Fiscal Benefit to Exclude Immigrants from Public Entitlements?,Immigrant,Control,tax credit effective,Please choose a number from 1 (Strongly disagree) to 5 (Strongly agree),1,5,1=Strongly disagree; 5=Strongly agree,395,407,3.56962,3.7199,1.1297,1.11204,-0.150281,0.0791792,,named_control,FALSE,TRUE
ShannonS2,Are Americans Willing to Reject a Fiscal Benefit to Exclude Immigrants from Public Entitlements?,Immigrant without savings,Control,tax credit effective,Please choose a number from 1 (Strongly disagree) to 5 (Strongly agree),1,5,1=Strongly disagree; 5=Strongly agree,424,407,3.56604,3.7199,1.12793,1.11204,-0.153864,0.0777105,1,named_control,FALSE,TRUE
ShannonS2,Are Americans Willing to Reject a Fiscal Benefit to Exclude Immigrants from Public Entitlements?,Treatment,Control,tax credit effective,Please choose a number from 1 (Strongly disagree) to 5 (Strongly agree),1,5,1=Strongly disagree; 5=Strongly agree,415,407,3.7759,3.7199,1.04507,1.11204,0.0560019,0.0753002,,named_control,FALSE,TRUE
Silverman1035,Can Factual Misperceptions be Corrected? An Experiment on American Public Fears of Terrorism,"Treatment 1: Corrective Information, No Elite Endorsement",Control group: No Corrective Information,Americans_Killed,About how many Americans are killed each year by terrorism on U.S. soil?,1,3,"1=87; 3=87,000",262,260,1.0916,1.29615,0.314414,0.513133,-0.204551,0.0372831,1,named_control,FALSE,FALSE
Silverman1035,Can Factual Misperceptions be Corrected? An Experiment on American Public Fears of Terrorism,"Treatment 2: Corrective Information, Democratic Endorsement",Control group: No Corrective Information,Americans_Killed,About how many Americans are killed each year by terrorism on U.S. soil?,1,3,"1=87; 3=87,000",276,260,1.14855,1.29615,0.430262,0.513133,-0.147603,0.04103,1,named_control,FALSE,FALSE
Silverman1035,Can Factual Misperceptions be Corrected? An Experiment on American Public Fears of Terrorism,"Treatment 3: Corrective Information, Republican Endorsement",Control group: No Corrective Information,Americans_Killed,About how many Americans are killed each year by terrorism on U.S. soil?,1,3,"1=87; 3=87,000",277,260,1.1444,1.29615,0.434991,0.513133,-0.15175,0.0411802,1,named_control,FALSE,FALSE
Silverman1035,Can Factual Misperceptions be Corrected? An Experiment on American Public Fears of Terrorism,"Treatment 4: Corrective Information, Military Endorsement",Control group: No Corrective Information,Americans_Killed,About how many Americans are killed each year by terrorism on U.S. soil?,1,3,"1=87; 3=87,000",258,260,1.16667,1.29615,0.457677,0.513133,-0.129487,0.0427154,1,named_control,FALSE,FALSE
Silverman1035,Can Factual Misperceptions be Corrected? An Experiment on American Public Fears of Terrorism,"Treatment 1: Corrective Information, No Elite Endorsement",Control group: No Corrective Information,Terrorism_likely,How likely do you think it is that another terrorist attack causing large numbers of American lives to be lost will happen in the near future?,1,4,1=Not likely at all; 4=Very likely,253,250,2.83004,2.932,0.739186,0.775747,-0.10196,0.0675781,1,named_control,TRUE,FALSE
Silverman1035,Can Factual Misperceptions be Corrected? An Experiment on American Public Fears of Terrorism,"Treatment 2: Corrective Information, Democratic Endorsement",Control group: No Corrective Information,Terrorism_likely,How likely do you think it is that another terrorist attack causing large numbers of American lives to be lost will happen in the near future?,1,4,1=Not likely at all; 4=Very likely,273,250,2.83516,2.932,0.856597,0.775747,-0.0968352,0.0713785,1,named_control,TRUE,FALSE
Silverman1035,Can Factual Misperceptions be Corrected? An Experiment on American Public Fears of Terrorism,"Treatment 3: Corrective Information, Republican Endorsement",Control group: No Corrective Information,Terrorism_likely,How likely do you think it is that another terrorist attack causing large numbers of American lives to be lost will happen in the near future?,1,4,1=Not likely at all; 4=Very likely,270,250,2.85185,2.932,0.766574,0.775747,-0.0801481,0.067702,1,named_control,TRUE,FALSE
Silverman1035,Can Factual Misperceptions be Corrected? An Experiment on American Public Fears of Terrorism,"Treatment 4: Corrective Information, Military Endorsement",Control group: No Corrective Information,Terrorism_likely,How likely do you think it is that another terrorist attack causing large numbers of American lives to be lost will happen in the near future?,1,4,1=Not likely at all; 4=Very likely,249,250,2.97189,2.932,0.692131,0.775747,0.0398876,0.0658104,1,named_control,TRUE,FALSE
Silverman1035,Can Factual Misperceptions be Corrected? An Experiment on American Public Fears of Terrorism,"Treatment 1: Corrective Information, No Elite Endorsement",Control group: No Corrective Information,Terrorism_worry,How worried are you that you will become a victim of terrorism?,1,4,1=Not worried at all; 4=Very worried,259,256,2.08108,2.17969,0.790685,0.885027,-0.0986064,0.0739831,1,named_control,TRUE,FALSE
Silverman1035,Can Factual Misperceptions be Corrected? An Experiment on American Public Fears of Terrorism,"Treatment 2: Corrective Information, Democratic Endorsement",Control group: No Corrective Information,Terrorism_worry,How worried are you that you will become a victim of terrorism?,1,4,1=Not worried at all; 4=Very worried,274,256,2.02555,2.17969,0.791024,0.885027,-0.15414,0.0730979,1,named_control,TRUE,FALSE
Silverman1035,Can Factual Misperceptions be Corrected? An Experiment on American Public Fears of Terrorism,"Treatment 3: Corrective Information, Republican Endorsement",Control group: No Corrective Information,Terrorism_worry,How worried are you that you will become a victim of terrorism?,1,4,1=Not worried at all; 4=Very worried,274,256,1.99635,2.17969,0.782118,0.885027,-0.183337,0.0727473,1,named_control,TRUE,FALSE
Silverman1035,Can Factual Misperceptions be Corrected? An Experiment on American Public Fears of Terrorism,"Treatment 4: Corrective Information, Military Endorsement",Control group: No Corrective Information,Terrorism_worry,How worried are you that you will become a victim of terrorism?,1,4,1=Not worried at all; 4=Very worried,258,256,2.05814,2.17969,0.873581,0.885027,-0.121548,0.077573,1,named_control,TRUE,FALSE
Terman1029,"Human Rights Shaming, Compliance, and Nationalist Backlash",International Rights Group Codemns Abuse in US,New York Rights Group Condemns Abuses in the United States,donating to HRAC,"Are you willing to donate $1 to the Human Rights Action Committee to support their campaign to push for criminal justice reforms in the US? If you select 'Yes', a link to the donation page will appear at the end of this survey.",1,2,1=No; 2=Yes,383,380,1.08355,1.11316,0.277075,0.317203,-0.029607,0.0215692,1,hypothesis_pair,TRUE,FALSE
Terman1029,"Human Rights Shaming, Compliance, and Nationalist Backlash",International Rights Group Codemns Abuse in US,Rights Group Condemns Abuses Worldwide,donating to HRAC,"Are you willing to donate $1 to the Human Rights Action Committee to support their campaign to push for criminal justice reforms in the US? If you select 'Yes', a link to the donation page will appear at the end of this survey.",1,2,1=No; 2=Yes,383,374,1.08355,1.09091,0.277075,0.287865,-0.00735818,0.020543,1,hypothesis_pair,TRUE,FALSE
Terman1029,"Human Rights Shaming, Compliance, and Nationalist Backlash",International Rights Group Condemns Abuses in the US- “reintegrative”,Rights Group Condemns Abuses Worldwide,donating to HRAC,"Are you willing to donate $1 to the Human Rights Action Committee to support their campaign to push for criminal justice reforms in the US? If you select 'Yes', a link to the donation page will appear at the end of this survey.",1,2,1=No; 2=Yes,381,374,1.10499,1.09091,0.30694,0.287865,0.0140778,0.0216528,1,hypothesis_pair,TRUE,FALSE
Terman1029,"Human Rights Shaming, Compliance, and Nationalist Backlash",International Rights Group Condemns Abuses in the US- “stigmatic”,International Rights Group Condemns Abuses in the US- “reintegrative”,donating to HRAC,"Are you willing to donate $1 to the Human Rights Action Committee to support their campaign to push for criminal justice reforms in the US? If you select 'Yes', a link to the donation page will appear at the end of this survey.",1,2,1=No; 2=Yes,351,381,1.11681,1.10499,0.321651,0.30694,0.0118222,0.0232816,1,hypothesis_pair,TRUE,FALSE
Terman1029,"Human Rights Shaming, Compliance, and Nationalist Backlash",International Rights Group Condemns Abuses in the US- “stigmatic”,Rights Group Condemns Abuses Worldwide,donating to HRAC,"Are you willing to donate $1 to the Human Rights Action Committee to support their campaign to push for criminal justice reforms in the US? If you select 'Yes', a link to the donation page will appear at the end of this survey.",1,2,1=No; 2=Yes,351,374,1.11681,1.09091,0.321651,0.287865,0.0259,0.0227228,1,hypothesis_pair,TRUE,FALSE
Terman1029,"Human Rights Shaming, Compliance, and Nationalist Backlash",New York Rights Group Condemns Abuses in the United States,Rights Group Condemns Abuses Worldwide,donating to HRAC,"Are you willing to donate $1 to the Human Rights Action Committee to support their campaign to push for criminal justice reforms in the US? If you select 'Yes', a link to the donation page will appear at the end of this survey.",1,2,1=No; 2=Yes,380,374,1.11316,1.09091,0.317203,0.287865,0.0222488,0.0220534,1,hypothesis_pair,TRUE,FALSE
Terman1029,"Human Rights Shaming, Compliance, and Nationalist Backlash",International Rights Group Codemns Abuse in US,New York Rights Group Condemns Abuses in the United States,naitonalist superiority,"Please read the following statements and indicate your level of agreement or disagreement: 
The world would be a better place if other countries were more like the United States.",1,5,1=Strongly Disagree; 5=Strongly Agree,387,385,3.31266,3.3039,1.03709,1.0326,0.00876539,0.0744899,1,hypothesis_pair,FALSE,FALSE
Terman1029,"Human Rights Shaming, Compliance, and Nationalist Backlash",International Rights Group Codemns Abuse in US,Rights Group Condemns Abuses Worldwide,naitonalist superiority,"Please read the following statements and indicate your level of agreement or disagreement: 
The world would be a better place if other countries were more like the United States.",1,5,1=Strongly Disagree; 5=Strongly Agree,387,372,3.31266,3.21774,1.03709,1.0427,0.0949196,0.0755109,1,hypothesis_pair,FALSE,FALSE
Terman1029,"Human Rights Shaming, Compliance, and Nationalist Backlash",International Rights Group Condemns Abuses in the US- “reintegrative”,Rights Group Condemns Abuses Worldwide,naitonalist superiority,"Please read the following statements and indicate your level of agreement or disagreement: 
The world would be a better place if other countries were more like the United States.",1,5,1=Strongly Disagree; 5=Strongly Agree,384,372,3.27604,3.21774,0.97587,1.0427,0.0582997,0.0735029,1,hypothesis_pair,FALSE,FALSE
Terman1029,"Human Rights Shaming, Compliance, and Nationalist Backlash",International Rights Group Condemns Abuses in the US- “stigmatic”,International Rights Group Condemns Abuses in the US- “reintegrative”,naitonalist superiority,"Please read the following statements and indicate your level of agreement or disagreement: 
The world would be a better place if other countries were more like the United States.",1,5,1=Strongly Disagree; 5=Strongly Agree,350,384,3.17143,3.27604,1.11221,0.97587,-0.104613,0.0775519,1,hypothesis_pair,FALSE,FALSE
Terman1029,"Human Rights Shaming, Compliance, and Nationalist Backlash",International Rights Group Condemns Abuses in the US- “stigmatic”,Rights Group Condemns Abuses Worldwide,naitonalist superiority,"Please read the following statements and indicate your level of agreement or disagreement: 
The world would be a better place if other countries were more like the United States.",1,5,1=Strongly Disagree; 5=Strongly Agree,350,372,3.17143,3.21774,1.11221,1.0427,-0.0463134,0.0803552,1,hypothesis_pair,FALSE,FALSE
Terman1029,"Human Rights Shaming, Compliance, and Nationalist Backlash",New York Rights Group Condemns Abuses in the United States,Rights Group Condemns Abuses Worldwide,naitonalist superiority,"Please read the following statements and indicate your level of agreement or disagreement: 
The world would be a better place if other countries were more like the United States.",1,5,1=Strongly Disagree; 5=Strongly Agree,385,372,3.3039,3.21774,1.0326,1.0427,0.0861542,0.0754465,1,hypothesis_pair,FALSE,FALSE
Terman1029,"Human Rights Shaming, Compliance, and Nationalist Backlash",International Rights Group Codemns Abuse in US,New York Rights Group Condemns Abuses in the United States,perception of domestic human rights conditions,"Please read the following statements and indicate your level of agreement or disagreement:
The United States government needs to take concrete steps to reform the criminal justice system to ensure detainees’ human rights are protected.",1,5,1=Strongly Disagree; 5=Strongly Agree,384,385,3.69531,3.7039,1.05384,1.0511,-0.0085836,0.0759062,1,hypothesis_pair,FALSE,FALSE
Terman1029,"Human Rights Shaming, Compliance, and Nationalist Backlash",International Rights Group Codemns Abuse in US,Rights Group Condemns Abuses Worldwide,perception of domestic human rights conditions,"Please read the following statements and indicate your level of agreement or disagreement:
The United States government needs to take concrete steps to reform the criminal justice system to ensure detainees’ human rights are protected.",1,5,1=Strongly Disagree; 5=Strongly Agree,384,374,3.69531,3.65508,1.05384,1.06429,0.0402323,0.0769467,1,hypothesis_pair,FALSE,FALSE
Terman1029,"Human Rights Shaming, Compliance, and Nationalist Backlash",International Rights Group Condemns Abuses in the US- “reintegrative”,Rights Group Condemns Abuses Worldwide,perception of domestic human rights conditions,"Please read the following statements and indicate your level of agreement or disagreement:
The United States government needs to take concrete steps to reform the criminal justice system to ensure detainees’ human rights are protected.",1,5,1=Strongly Disagree; 5=Strongly Agree,385,374,3.77922,3.65508,1.04113,1.06429,0.124141,0.0764467,1,hypothesis_pair,FALSE,FALSE
Terman1029,"Human Rights Shaming, Compliance, and Nationalist Backlash",International Rights Group Condemns Abuses in the US- “stigmatic”,International Rights Group Condemns Abuses in the US- “reintegrative”,perception of domestic human rights conditions,"Please read the following statements and indicate your level of agreement or disagreement:
The United States government needs to take concrete steps to reform the criminal justice system to ensure detainees’ human rights are protected.",1,5,1=Strongly Disagree; 5=Strongly Agree,351,385,3.74074,3.77922,1.07092,1.04113,-0.03848,0.0779929,1,hypothesis_pair,FALSE,FALSE
Terman1029,"Human Rights Shaming, Compliance, and Nationalist Backlash",International Rights Group Condemns Abuses in the US- “stigmatic”,Rights Group Condemns Abuses Worldwide,perception of domestic human rights conditions,"Please read the following statements and indicate your level of agreement or disagreement:
The United States government needs to take concrete steps to reform the criminal justice system to ensure detainees’ human rights are protected.",1,5,1=Strongly Disagree; 5=Strongly Agree,351,374,3.74074,3.65508,1.07092,1.06429,0.0856605,0.0793481,1,hypothesis_pair,FALSE,FALSE
Terman1029,"Human Rights Shaming, Compliance, and Nationalist Backlash",New York Rights Group Condemns Abuses in the United States,Rights Group Condemns Abuses Worldwide,perception of domestic human rights conditions,"Please read the following statements and indicate your level of agreement or disagreement:
The United States government needs to take concrete steps to reform the criminal justice system to ensure detainees’ human rights are protected.",1,5,1=Strongly Disagree; 5=Strongly Agree,385,374,3.7039,3.65508,1.0511,1.06429,0.0488159,0.0768003,1,hypothesis_pair,FALSE,FALSE
Williamson859,“The Taxpayer Gap”: Perceptions of the Taxpaying Population and Opposition to Welfare Spending,COND1,CONTROL,Food stamps,"Should federal spending on the following be increased, decreased, or kept about the same?
Food stamps",1,3,1=Kept about the same; 3=Increased,504,514,1.7996,1.80739,0.798557,0.784762,-0.00778982,0.0496329,,named_control,TRUE,FALSE
Williamson859,“The Taxpayer Gap”: Perceptions of the Taxpaying Population and Opposition to Welfare Spending,COND2,CONTROL,Food stamps,"Should federal spending on the following be increased, decreased, or kept about the same?
Food stamps",1,3,1=Kept about the same; 3=Increased,504,514,1.77778,1.80739,0.771138,0.784762,-0.0296152,0.048765,,named_control,TRUE,FALSE
Williamson859,“The Taxpayer Gap”: Perceptions of the Taxpaying Population and Opposition to Welfare Spending,COND1,CONTROL,Military,"Should federal spending on the following be increased, decreased, or kept about the same?
Military",1,3,1=Kept about the same; 3=Increased,503,514,2.167,2.1537,0.851495,0.875103,0.0133015,0.0541418,,named_control,TRUE,FALSE
Williamson859,“The Taxpayer Gap”: Perceptions of the Taxpaying Population and Opposition to Welfare Spending,COND2,CONTROL,Military,"Should federal spending on the following be increased, decreased, or kept about the same?
Military",1,3,1=Kept about the same; 3=Increased,504,514,2.19246,2.1537,0.844031,0.875103,0.0387638,0.0538829,,named_control,TRUE,FALSE
Williamson859,“The Taxpayer Gap”: Perceptions of the Taxpaying Population and Opposition to Welfare Spending,COND1,CONTROL,Social Security,"Should federal spending on the following be increased, decreased, or kept about the same?
Social Security",1,3,1=Kept about the same; 3=Increased,503,513,2.36183,2.35478,0.906096,0.902937,0.0070532,0.0567582,,named_control,TRUE,FALSE
Williamson859,“The Taxpayer Gap”: Perceptions of the Taxpaying Population and Opposition to Welfare Spending,COND2,CONTROL,Social Security,"Should federal spending on the following be increased, decreased, or kept about the same?
Social Security",1,3,1=Kept about the same; 3=Increased,505,513,2.35248,2.35478,0.907704,0.902937,-0.00230058,0.0567522,,named_control,TRUE,FALSE
berganS20,The Flexible Correction Model and Party Labels,2 [Democrat with instruction],1 [Republican with instruction],support,"Please indicate to what extent you agree with the following statements about the Independent Payment Advisory Board, the proposed commission that would limit federal spending on health care by paying only for procedures that have demonstrated medical value. 
I support establishing the Independent Payment Advisory Board",1,7,1=Disagree strongly; 7=Agree strongly,500,483,3.052,2.80745,1.71206,1.59427,0.244547,0.105473,1,hypothesis_t0,FALSE,FALSE
brandtS1,Onset and Offset Controllability in Perceptions and Reactions to Home Mortgage Foreclosures,2 [2],1 [1],coppock_dv_name,How much control did these people have over getting into their current financial situation?,1,7,1=No control; 7=Complete control,1099,1098,4.95905,5.9235,1.47139,1.31035,-0.964444,0.0594452,1,hypothesis_t0,FALSE,FALSE
death_penalty,Persuasion and Resistance: Race and the Death Penalty in America,innocent,race,Favor Death Penalty,Do you favor or oppose the death penalty for persons convicted of murder?,1,4,1=Strongly Oppose; 4=Strongly Favor,1038,1152,2.36609,2.55208,1.09566,1.12351,-0.185995,0.0474578,1,hypothesis_t0,FALSE,FALSE
dennyS17,"Examining the ‘Raced’ Fatherhood Premium: Workplace Evaluations of Men by Race, Fatherhood Status, and Level of Involvement",2 [2],1 [1],hardworking,Please choose a number from 1 (Not at all hardworking) to 5 (Extremely hardworking),1,5,1=Not at all hardworking; 5=Extremely hardworking,302,292,3.99338,3.84932,0.73811,0.666761,0.144062,0.0576758,1,hypothesis_t0,FALSE,TRUE
flavinS4,Public Attitudes about Political Equality,2 [FLAVIN Condition 2],1 [FLAVIN Condition 1],coppock_dv_name,"How about you, do you strongly support, somewhat support, neither support nor oppose, somewhat oppose, or strongly oppose promoting political equality?",1,5,1=Strongly support; 5=Strongly oppose,898,875,1.73719,2.28229,0.944371,0.991541,-0.545092,0.046008,1,hypothesis_t0,FALSE,FALSE
gashS5,Understanding How Policy Venue Influences Public Opinion,1 [Court Prompt],4 [No Prompt],coppock_dv_name,Please choose a number from 1 (Strongly agree) to 4 (Strongly disagree),1,4,1=Strongly agree; 4=Strongly disagree,1030,985,1.7534,2.3066,0.810142,0.88541,-0.553201,0.0378563,1,named_control,FALSE,TRUE
immigration,"What Triggers Public Opposition to Immigration? Anxiety, Group Cues, and Immigration Threat",positive,negative,Support for Immigration,"Do you think the number of immigrants from foreign countries who are permitted to come to the United States to live should be increased a lot, increased a little, left the same as it is now, decreased a little, or decreased a lot?",1,5,1=Decreased a lot; 5=Increased a lot,1016,973,3.0128,2.68448,1.14678,1.19676,0.328314,0.0525964,1,hypothesis_t0,FALSE,FALSE
jacobsenS7,Informing the Public or Information Overload? The influence of school accountability data format and on public satisfaction,2 [Condition B: letter grade format],1 [Condition A: performance index format],coppock_dv_name,"Satisfaction means many things. Overall, how SATISFIED are you with Oak School based on these data?",1,7,1=Very dissatisfied; 7=Very satisfied,775,759,5.42452,4.6996,1.23228,1.37424,0.724911,0.0666901,1,hypothesis_t0,FALSE,FALSE
melloS6,Patient Responses to Medical Error Disclosure: Does Compensation Matter?,5 [v5],1 [v1],coppock_dv_name,How likely would you be to seek legal advice about suing Dr. S?,1,4,1=Very unlikely; 4=Very likely,321,319,2.76947,3.18495,0.979382,0.883261,-0.415483,0.0737139,1,hypothesis_t0,FALSE,FALSE
parmerS15,Smallpox Vaccine Recommendations: Could Trust be a Shot in the Arm?,2 [experimental group 2],1 [experimental group 1],coppock_dv_name,"The smallpox outbreak scenario you just read is fictional.  However, it is important that you consider what your actual responses and behavior would be in such a scenario. For the following items, please base your responses according to the scenario you just read.

If you had to make a decision now, would you get the recommended smallpox vaccine?",0,1,0=No; 1=Yes,1329,1277,0.86155,0.87314,0.345502,0.332946,-0.0115901,0.0132901,1,hypothesis_t0,FALSE,FALSE
patriot_act,Dynamic Public Opinion: Communication Effects over Time,Pro,Con,Patriot Act Support,Do you oppose or support the Patriot Act?,1,7,1=Oppose very strongly; 7=Support very strongly,1182,1176,4.48308,3.30527,1.81516,1.7351,1.17781,0.0731265,1,hypothesis_t0,FALSE,FALSE
pedullaS18,"The Mechanisms of Labor Market Discrimination: How Sex, Gender Role, and Sexual Orientation Treatments Impact Evaluations of Black Male Job Applicants",2 [Black Male/ Black Straight],1 [White Male/ White Straight],hiring recommendation,Would you recommend hiring this applicant for the position?,0,1,0=no; 1=yes,303,317,0.89769,0.883281,0.303557,0.321593,0.014409,0.0251071,1,hypothesis_t0,FALSE,FALSE
piazzaS8,Terrorism Suspect Religious Identity and Public Support for Controversial Detention and Interrogation Practices,2 [2],1 [1],coppock_dv_name,"Please tell us if you would support or oppose each of these items as a method of getting information from a suspect in the case described earlier:
Applying electric shocks to the suspect.",1,5,1=strongly support; 5=strongly oppose,677,625,3.64254,3.672,1.25664,1.23241,-0.0294594,0.0690123,1,hypothesis_t0,FALSE,FALSE
senS81,Understanding Ideal Descriptive Representation,Gender-PopulationStatistics,Gender-Control,ideal_gender_male,"In your opinion, what would be the ideal composition of the U.S. House of Representatives in terms of gender? 
Percentages must add to 100.
A. Male",0,100,0=0%; 100=100%,652,637,51.5598,53.0675,10.1551,10.9272,-1.50769,0.587889,,named_control,FALSE,FALSE
senS81,Understanding Ideal Descriptive Representation,Gender-PopulationStatistics_StatusQuo,Gender-Control,ideal_gender_male,"In your opinion, what would be the ideal composition of the U.S. House of Representatives in terms of gender? 
Percentages must add to 100.
A. Male",0,100,0=0%; 100=100%,666,637,53.048,53.0675,12.7635,10.9272,-0.0194559,0.657304,,named_control,FALSE,FALSE
shaferS9,Why Hillary Rodham Became Hillary Clinton: Consequences of Non-Traditional Last Name Choice in Marriage,2 [2],1 [1],coppock_dv_name,Please rate how committed you think Carol is as an employee.,1,5,1=Extremely committed; 5=Not at all committed,846,864,2.93853,2.99074,0.805898,0.823979,-0.0522065,0.0394146,1,hypothesis_t0,FALSE,FALSE
system_threat,On the Precipice of a “Majority-Minority” America: Perceived Status Threat From the Racial Demographic Shift Affects White Americans’ Political Ideology,craig_treatment,craig_placebo,Way of Life,Please indicate how much you agree or disagree with the following statement: The American way of life is seriously threatened.,1,5,1=Strongly Disagree; 5=Strongly Agree,709,746,2.61354,2.78552,1.13378,1.17678,-0.171983,0.0605754,1,named_control,FALSE,FALSE
thompsonS10,"Terrorist Threat: Overreactions, Underreactions, and Realistic Reaction",2 [Plain Low Fear],1 [High Fear],coppock_dv_name,"To what extent do these statement describe your thoughts about terrorist attacks?
I am concerned about terrorist attacks.",1,7,1=Not at all; 7=Very much,884,861,3.59502,3.69338,1.73858,1.72703,-0.0983572,0.0829665,1,hypothesis_t0,FALSE,FALSE
turagaS11,"Environmental Values, Beliefs, and Behavior",1 [1],3 [3],coppock_dv_name,"Given this information and the information on the previous screen, how unwilling or willing are you to engage in the following activities?
Write a letter to your local newspaper supporting stronger mercury control policies.",1,5,1=Very unwilling; 5=Very willing,615,564,2.90894,2.68262,1.23263,1.16962,0.226319,0.0699721,1,hypothesis_t0,FALSE,FALSE
wallaceS12,The Reputational Consequences of International Law and Compliance,2 [2],1 [1],coppock_dv_name,The United States is currently thinking about signing an agreement with this country that would involve cooperation over military issues. Would you support or oppose the United States signing a military agreement with this country?,1,5,1=Strongly support; 5=Strongly oppose,436,485,2.59862,3.53814,1.02021,1.06459,-0.93952,0.0687316,1,hypothesis_t0,FALSE,FALSE
